时间戳,服务,调用类型,参数摘要,输出摘要,备注
2025-10-12T09:14:00+08:00,mcp-desktop-commander__read_file,读取文件,"path=/mnt/d/project/standalone/prompt-for-code/AGENTS.md","成功读取19行","补录：审阅项目根指引"
2025-10-12T09:14:01+08:00,mcp-desktop-commander__list_directory,列出目录,"path=/mnt/d/project/standalone/prompt-for-code/ai-agent-memory","列出8个条目","补录：确认指引文件列表"
2025-10-12T09:14:02+08:00,mcp-desktop-commander__read_file,读取文件,"path=/mnt/d/project/standalone/prompt-for-code/ai-agent-memory/AI-AGENT_general.md","成功读取88行","补录：阅读通用流程指引"
2025-10-12T09:14:03+08:00,mcp-desktop-commander__read_file,读取文件,"path=/mnt/d/project/standalone/prompt-for-code/ai-agent-memory/AI-AGENT_programming.md","成功读取117行","补录：阅读编程附加指引"
2025-10-12T09:14:04+08:00,mcp-desktop-commander__read_file,读取文件,"path=/mnt/d/project/standalone/prompt-for-code/ai-agent-memory/AI-AGENT_check.md","成功读取64行","补录：阅读核对清单"
2025-10-12T09:14:05+08:00,mcp-desktop-commander__read_file,读取文件,"path=/mnt/d/project/standalone/prompt-for-code/ai-agent-memory/AI-AGENT_mcp-rules.md","成功读取138行","补录：阅读MCP使用规范"
2025-10-12T09:14:06+08:00,mcp-desktop-commander__read_file,读取文件,"path=/mnt/d/project/standalone/prompt-for-code/ai-agent-memory/AI-AGENT_step-before.md","成功读取80行","补录：阅读任务前置准备指引"
2025-10-12T09:14:07+08:00,mcp-desktop-commander__read_file,读取文件,"path=/mnt/d/project/standalone/prompt-for-code/ai-agent-memory/README.md","成功读取22行","补录：阅读记忆目录说明"
2025-10-12T09:14:08+08:00,mcp-desktop-commander__read_file,读取文件,"path=/mnt/d/project/standalone/prompt-for-code/ai-agent-memory/now-task.md","成功读取21行","补录：阅读当前任务描述"
2025-10-12T09:14:09+08:00,mcp-desktop-commander__read_file,读取文件,"path=/mnt/d/project/standalone/prompt-for-code/ai-agent-memory/undetermined-template.md","成功读取157行","补录：阅读待定项模板"
2025-10-12T09:14:10+08:00,mcp-desktop-commander__list_directory,列出目录,"path=/mnt/d/project/standalone/prompt-for-code","深度2列出多级目录","补录：了解仓库结构"
2025-10-12T09:14:32+08:00,mcp-time__get_current_time,读取时间,"timezone=Asia/Shanghai","返回当前时间 2025-10-12T09:14:32+08:00","用于确定输出目录命名"
2025-10-12T09:14:40+08:00,mcp-desktop-commander__create_directory,创建目录,"path=/mnt/d/project/standalone/prompt-for-code/ai-agent-output/2025-10-12T09-14-32_UTC+8_优化MCP日志规范","目录创建成功","建立本轮任务输出目录"
2025-10-12T09:15:08+08:00,mcp-time__get_current_time,读取时间,"timezone=Asia/Shanghai","返回当前时间 2025-10-12T09:15:08+08:00","用于记录工作状态时间"
2025-10-12T09:15:15+08:00,mcp-desktop-commander__write_file,写入文件,"path=/mnt/d/project/standalone/prompt-for-code/ai-agent-output/2025-10-12T09-14-32_UTC+8_优化MCP日志规范/AI-AGENT_working-status.csv","写入3行成功","初始化工作状态记录"
2025-10-12T09:15:20+08:00,mcp-desktop-commander__write_file,写入文件,"path=/mnt/d/project/standalone/prompt-for-code/ai-agent-output/2025-10-12T09-14-32_UTC+8_优化MCP日志规范/undetermined.md","写入4行成功","建立待定项记录文档"
2025-10-12T09:15:25+08:00,mcp-desktop-commander__write_file,写入文件,"path=/mnt/d/project/standalone/prompt-for-code/ai-agent-output/2025-10-12T09-14-32_UTC+8_优化MCP日志规范/optimized-task.md","写入4行成功","初始化优化任务文档"
2025-10-12T09:15:30+08:00,mcp-desktop-commander__write_file,写入文件,"path=/mnt/d/project/standalone/prompt-for-code/ai-agent-output/2025-10-12T09-14-32_UTC+8_优化MCP日志规范/mcp-log.csv","写入4行成功","创建MCP日志CSV结构"
2025-10-12T09:15:35+08:00,mcp-desktop-commander__write_file,写入文件,"path=/mnt/d/project/standalone/prompt-for-code/ai-agent-output/2025-10-12T09-14-32_UTC+8_优化MCP日志规范/mcp-log.md","写入4行成功","记录日志说明"
2025-10-12T09:16:15+08:00,mcp-serena__activate_project,项目激活,"project=.","失败：No source files found","需后续考虑补充Serena配置"
2025-10-12T09:16:16+08:00,mcp-time__get_current_time,读取时间,"timezone=Asia/Shanghai","返回当前时间 2025-10-12T09:16:16+08:00","记录Serena调用失败后的时间信息"
2025-10-12T09:16:20+08:00,mcp-desktop-commander__create_directory,创建目录,"path=/mnt/d/project/standalone/prompt-for-code/.serena","目录创建成功","为Serena配置创建目录"
2025-10-12T09:16:30+08:00,mcp-desktop-commander__write_file,写入文件,"path=/mnt/d/project/standalone/prompt-for-code/.serena/project.yml","写入3行成功","配置Serena项目文件"
2025-10-12T09:16:40+08:00,mcp-desktop-commander__read_file,读取文件,"path=/mnt/d/project/standalone/prompt-for-code/ai-agent-output/2025-10-12T09-14-32_UTC+8_优化MCP日志规范/mcp-log.csv","读取6行","检查日志内容"
2025-10-12T09:16:50+08:00,mcp-desktop-commander__write_file,写入文件,"path=/mnt/d/project/standalone/prompt-for-code/ai-agent-output/2025-10-12T09-14-32_UTC+8_优化MCP日志规范/mcp-log.csv","写入6行成功","补录Serena相关日志"
2025-10-12T09:17:23+08:00,mcp-time__get_current_time,读取时间,"timezone=Asia/Shanghai","返回当前时间 2025-10-12T09:17:23+08:00","用于补录早前MCP调用时间"
2025-10-12T09:19:02+08:00,mcp-time__get_current_time,读取时间,"timezone=Asia/Shanghai","返回当前时间 2025-10-12T09:19:02+08:00","用于Serena激活前时间戳"
2025-10-12T09:19:05+08:00,mcp-serena__activate_project,项目激活,"project=.","成功：创建并激活prompt-for-code","Serena项目已配置为python语言"
2025-10-12T09:19:38+08:00,mcp-time__get_current_time,读取时间,"timezone=Asia/Shanghai","返回当前时间 2025-10-12T09:19:38+08:00","用于Serena入职检查前时间戳"
2025-10-12T09:19:41+08:00,mcp-serena__check_onboarding_performed,入职检查,"project=prompt-for-code","失败：Language server进程异常","需后续关注Serena语言服务器配置"
2025-10-12T09:21:06+08:00,mcp-time__get_current_time,读取时间,"timezone=Asia/Shanghai","返回当前时间 2025-10-12T09:21:06+08:00","用于读取Serena gitignore前确认时间"
2025-10-12T09:21:08+08:00,mcp-desktop-commander__read_file,读取文件,"path=/mnt/d/project/standalone/prompt-for-code/.serena/.gitignore","成功读取1行","了解Serena缓存忽略配置"
2025-10-12T09:22:30+08:00,mcp-time__get_current_time,读取时间,"timezone=Asia/Shanghai","返回当前时间 2025-10-12T09:22:30+08:00","用于更新工作状态时间戳"
2025-10-12T09:22:32+08:00,mcp-desktop-commander__write_file,写入文件,"path=/mnt/d/project/standalone/prompt-for-code/ai-agent-output/2025-10-12T09-14-32_UTC+8_优化MCP日志规范/AI-AGENT_working-status.csv","写入4行成功","进入任务前置准备的任务内容优化阶段"
